[{"date":"2012-01-02","mm":1,"jj":2,"mois":"janvier","jour":"lundi","collecte":"AN, MC, OM","description":"Arbres de Noël, Matières compostables, Ordures ménagères","secteur":"Ouest"},
{"date":"2012-01-03","mm":1,"jj":3,"mois":"janvier","jour":"mardi","collecte":"AN, MC, OM","description":"Arbres de Noël, Matières compostables, Ordures ménagères","secteur":"Ouest"},
{"date":"2012-01-04","mm":1,"jj":4,"mois":"janvier","jour":"mercredi","collecte":"AN, MC, OM","description":"Arbres de Noël, Matières compostables, Ordures ménagères","secteur":"Ouest"},
{"date":"2012-01-05","mm":1,"jj":5,"mois":"janvier","jour":"jeudi","collecte":"AN, MC, OM","description":"Arbres de Noël, Matières compostables, Ordures ménagères","secteur":"Ouest"},
{"date":"2012-01-06","mm":1,"jj":6,"mois":"janvier","jour":"vendredi","collecte":"AN, MC, OM","description":"Arbres de Noël, Matières compostables, Ordures ménagères","secteur":"Ouest"},
{"date":"2012-01-09","mm":1,"jj":9,"mois":"janvier","jour":"lundi","collecte":"AN, MC, MR","description":"Arbres de Noël, Matières compostables, Matières recyclables","secteur":"Ouest"},
{"date":"2012-01-10","mm":1,"jj":10,"mois":"janvier","jour":"mardi","collecte":"AN, MC, MR","description":"Arbres de Noël, Matières compostables, Matières recyclables","secteur":"Ouest"},
{"date":"2012-01-11","mm":1,"jj":11,"mois":"janvier","jour":"mercredi","collecte":"AN, MC, MR","description":"Arbres de Noël, Matières compostables, Matières recyclables","secteur":"Ouest"},
{"date":"2012-01-12","mm":1,"jj":12,"mois":"janvier","jour":"jeudi","collecte":"AN, MC, MR","description":"Arbres de Noël, Matières compostables, Matières recyclables","secteur":"Ouest"},
{"date":"2012-01-13","mm":1,"jj":13,"mois":"janvier","jour":"vendredi","collecte":"AN, MC, MR","description":"Arbres de Noël, Matières compostables, Matières recyclables","secteur":"Ouest"},
{"date":"2012-01-16","mm":1,"jj":16,"mois":"janvier","jour":"lundi","collecte":"MC, OM","description":"Matières compostables, Ordures ménagères","secteur":"Ouest"},
{"date":"2012-01-17","mm":1,"jj":17,"mois":"janvier","jour":"mardi","collecte":"MC, OM","description":"Matières compostables, Ordures ménagères","secteur":"Ouest"},
{"date":"2012-01-18","mm":1,"jj":18,"mois":"janvier","jour":"mercredi","collecte":"MC, OM","description":"Matières compostables, Ordures ménagères","secteur":"Ouest"},
{"date":"2012-01-19","mm":1,"jj":19,"mois":"janvier","jour":"jeudi","collecte":"MC, OM","description":"Matières compostables, Ordures ménagères","secteur":"Ouest"},
{"date":"2012-01-20","mm":1,"jj":20,"mois":"janvier","jour":"vendredi","collecte":"MC, OM","description":"Matières compostables, Ordures ménagères","secteur":"Ouest"},
{"date":"2012-01-23","mm":1,"jj":23,"mois":"janvier","jour":"lundi","collecte":"MC, MR","description":"Matières compostables, Matières recyclables","secteur":"Ouest"},
{"date":"2012-01-24","mm":1,"jj":24,"mois":"janvier","jour":"mardi","collecte":"MC, MR","description":"Matières compostables, Matières recyclables","secteur":"Ouest"},
{"date":"2012-01-25","mm":1,"jj":25,"mois":"janvier","jour":"mercredi","collecte":"MC, MR","description":"Matières compostables, Matières recyclables","secteur":"Ouest"},
{"date":"2012-01-26","mm":1,"jj":26,"mois":"janvier","jour":"jeudi","collecte":"MC, MR","description":"Matières compostables, Matières recyclables","secteur":"Ouest"},
{"date":"2012-01-27","mm":1,"jj":27,"mois":"janvier","jour":"vendredi","collecte":"MC, MR","description":"Matières compostables, Matières recyclables","secteur":"Ouest"},
{"date":"2012-01-30","mm":1,"jj":30,"mois":"janvier","jour":"lundi","collecte":"MC, OM","description":"Matières compostables, Ordures ménagères","secteur":"Ouest"},
{"date":"2012-01-31","mm":1,"jj":31,"mois":"janvier","jour":"mardi","collecte":"MC, OM","description":"Matières compostables, Ordures ménagères","secteur":"Ouest"},
{"date":"2012-02-01","mm":2,"jj":1,"mois":"février","jour":"mercredi","collecte":"MC, OM","description":"Matières compostables, Ordures ménagères","secteur":"Ouest"},
{"date":"2012-02-02","mm":2,"jj":2,"mois":"février","jour":"jeudi","collecte":"MC, OM","description":"Matières compostables, Ordures ménagères","secteur":"Ouest"},
{"date":"2012-02-03","mm":2,"jj":3,"mois":"février","jour":"vendredi","collecte":"MC, OM","description":"Matières compostables, Ordures ménagères","secteur":"Ouest"},
{"date":"2012-02-06","mm":2,"jj":6,"mois":"février","jour":"lundi","collecte":"MC, MR","description":"Matières compostables, Matières recyclables","secteur":"Ouest"},
{"date":"2012-02-07","mm":2,"jj":7,"mois":"février","jour":"mardi","collecte":"MC, MR","description":"Matières compostables, Matières recyclables","secteur":"Ouest"},
{"date":"2012-02-08","mm":2,"jj":8,"mois":"février","jour":"mercredi","collecte":"MC, MR","description":"Matières compostables, Matières recyclables","secteur":"Ouest"},
{"date":"2012-02-09","mm":2,"jj":9,"mois":"février","jour":"jeudi","collecte":"MC, MR","description":"Matières compostables, Matières recyclables","secteur":"Ouest"},
{"date":"2012-02-10","mm":2,"jj":10,"mois":"février","jour":"vendredi","collecte":"MC, MR","description":"Matières compostables, Matières recyclables","secteur":"Ouest"},
{"date":"2012-02-13","mm":2,"jj":13,"mois":"février","jour":"lundi","collecte":"MC, OM","description":"Matières compostables, Ordures ménagères","secteur":"Ouest"},
{"date":"2012-02-14","mm":2,"jj":14,"mois":"février","jour":"mardi","collecte":"MC, OM","description":"Matières compostables, Ordures ménagères","secteur":"Ouest"},
{"date":"2012-02-15","mm":2,"jj":15,"mois":"février","jour":"mercredi","collecte":"MC, OM","description":"Matières compostables, Ordures ménagères","secteur":"Ouest"},
{"date":"2012-02-16","mm":2,"jj":16,"mois":"février","jour":"jeudi","collecte":"MC, OM","description":"Matières compostables, Ordures ménagères","secteur":"Ouest"},
{"date":"2012-02-17","mm":2,"jj":17,"mois":"février","jour":"vendredi","collecte":"MC, OM","description":"Matières compostables, Ordures ménagères","secteur":"Ouest"},
{"date":"2012-02-20","mm":2,"jj":20,"mois":"février","jour":"lundi","collecte":"MC, MR","description":"Matières compostables, Matières recyclables","secteur":"Ouest"},
{"date":"2012-02-21","mm":2,"jj":21,"mois":"février","jour":"mardi","collecte":"MC, MR","description":"Matières compostables, Matières recyclables","secteur":"Ouest"},
{"date":"2012-02-22","mm":2,"jj":22,"mois":"février","jour":"mercredi","collecte":"MC, MR","description":"Matières compostables, Matières recyclables","secteur":"Ouest"},
{"date":"2012-02-23","mm":2,"jj":23,"mois":"février","jour":"jeudi","collecte":"MC, MR","description":"Matières compostables, Matières recyclables","secteur":"Ouest"},
{"date":"2012-02-24","mm":2,"jj":24,"mois":"février","jour":"vendredi","collecte":"MC, MR","description":"Matières compostables, Matières recyclables","secteur":"Ouest"},
{"date":"2012-02-27","mm":2,"jj":27,"mois":"février","jour":"lundi","collecte":"MC, OM","description":"Matières compostables, Ordures ménagères","secteur":"Ouest"},
{"date":"2012-02-28","mm":2,"jj":28,"mois":"février","jour":"mardi","collecte":"MC, OM","description":"Matières compostables, Ordures ménagères","secteur":"Ouest"},
{"date":"2012-02-29","mm":2,"jj":29,"mois":"février","jour":"mercredi","collecte":"MC, OM","description":"Matières compostables, Ordures ménagères","secteur":"Ouest"},
{"date":"2012-03-01","mm":3,"jj":1,"mois":"mars","jour":"jeudi","collecte":"MC, OM","description":"Matières compostables, Ordures ménagères","secteur":"Ouest"},
{"date":"2012-03-02","mm":3,"jj":2,"mois":"mars","jour":"vendredi","collecte":"MC, OM","description":"Matières compostables, Ordures ménagères","secteur":"Ouest"},
{"date":"2012-03-05","mm":3,"jj":5,"mois":"mars","jour":"lundi","collecte":"MC, MR","description":"Matières compostables, Matières recyclables","secteur":"Ouest"},
{"date":"2012-03-06","mm":3,"jj":6,"mois":"mars","jour":"mardi","collecte":"MC, MR","description":"Matières compostables, Matières recyclables","secteur":"Ouest"},
{"date":"2012-03-07","mm":3,"jj":7,"mois":"mars","jour":"mercredi","collecte":"MC, MR","description":"Matières compostables, Matières recyclables","secteur":"Ouest"},
{"date":"2012-03-08","mm":3,"jj":8,"mois":"mars","jour":"jeudi","collecte":"MC, MR","description":"Matières compostables, Matières recyclables","secteur":"Ouest"},
{"date":"2012-03-09","mm":3,"jj":9,"mois":"mars","jour":"vendredi","collecte":"MC, MR","description":"Matières compostables, Matières recyclables","secteur":"Ouest"},
{"date":"2012-03-12","mm":3,"jj":12,"mois":"mars","jour":"lundi","collecte":"MC, OM","description":"Matières compostables, Ordures ménagères","secteur":"Ouest"},
{"date":"2012-03-13","mm":3,"jj":13,"mois":"mars","jour":"mardi","collecte":"MC, OM","description":"Matières compostables, Ordures ménagères","secteur":"Ouest"},
{"date":"2012-03-14","mm":3,"jj":14,"mois":"mars","jour":"mercredi","collecte":"MC, OM","description":"Matières compostables, Ordures ménagères","secteur":"Ouest"},
{"date":"2012-03-15","mm":3,"jj":15,"mois":"mars","jour":"jeudi","collecte":"MC, OM","description":"Matières compostables, Ordures ménagères","secteur":"Ouest"},
{"date":"2012-03-16","mm":3,"jj":16,"mois":"mars","jour":"vendredi","collecte":"MC, OM","description":"Matières compostables, Ordures ménagères","secteur":"Ouest"},
{"date":"2012-03-19","mm":3,"jj":19,"mois":"mars","jour":"lundi","collecte":"MC, MR","description":"Matières compostables, Matières recyclables","secteur":"Ouest"},
{"date":"2012-03-20","mm":3,"jj":20,"mois":"mars","jour":"mardi","collecte":"MC, MR","description":"Matières compostables, Matières recyclables","secteur":"Ouest"},
{"date":"2012-03-21","mm":3,"jj":21,"mois":"mars","jour":"mercredi","collecte":"MC, MR","description":"Matières compostables, Matières recyclables","secteur":"Ouest"},
{"date":"2012-03-22","mm":3,"jj":22,"mois":"mars","jour":"jeudi","collecte":"MC, MR","description":"Matières compostables, Matières recyclables","secteur":"Ouest"},
{"date":"2012-03-23","mm":3,"jj":23,"mois":"mars","jour":"vendredi","collecte":"MC, MR","description":"Matières compostables, Matières recyclables","secteur":"Ouest"},
{"date":"2012-03-26","mm":3,"jj":26,"mois":"mars","jour":"lundi","collecte":"MC, OM","description":"Matières compostables, Ordures ménagères","secteur":"Ouest"},
{"date":"2012-03-27","mm":3,"jj":27,"mois":"mars","jour":"mardi","collecte":"MC, OM","description":"Matières compostables, Ordures ménagères","secteur":"Ouest"},
{"date":"2012-03-28","mm":3,"jj":28,"mois":"mars","jour":"mercredi","collecte":"MC, OM","description":"Matières compostables, Ordures ménagères","secteur":"Ouest"},
{"date":"2012-03-29","mm":3,"jj":29,"mois":"mars","jour":"jeudi","collecte":"MC, OM","description":"Matières compostables, Ordures ménagères","secteur":"Ouest"},
{"date":"2012-03-30","mm":3,"jj":30,"mois":"mars","jour":"vendredi","collecte":"MC, OM","description":"Matières compostables, Ordures ménagères","secteur":"Ouest"},
{"date":"2012-04-02","mm":4,"jj":2,"mois":"avril","jour":"lundi","collecte":"MC, MR","description":"Matières compostables, Matières recyclables","secteur":"Ouest"},
{"date":"2012-04-03","mm":4,"jj":3,"mois":"avril","jour":"mardi","collecte":"MC, MR","description":"Matières compostables, Matières recyclables","secteur":"Ouest"},
{"date":"2012-04-04","mm":4,"jj":4,"mois":"avril","jour":"mercredi","collecte":"MC, MR","description":"Matières compostables, Matières recyclables","secteur":"Ouest"},
{"date":"2012-04-05","mm":4,"jj":5,"mois":"avril","jour":"jeudi","collecte":"MC, MR","description":"Matières compostables, Matières recyclables","secteur":"Ouest"},
{"date":"2012-04-06","mm":4,"jj":6,"mois":"avril","jour":"vendredi","collecte":"MC, MR","description":"Matières compostables, Matières recyclables","secteur":"Ouest"},
{"date":"2012-04-09","mm":4,"jj":9,"mois":"avril","jour":"lundi","collecte":"MC, OM","description":"Matières compostables, Ordures ménagères","secteur":"Ouest"},
{"date":"2012-04-10","mm":4,"jj":10,"mois":"avril","jour":"mardi","collecte":"MC, OM","description":"Matières compostables, Ordures ménagères","secteur":"Ouest"},
{"date":"2012-04-11","mm":4,"jj":11,"mois":"avril","jour":"mercredi","collecte":"MC, OM","description":"Matières compostables, Ordures ménagères","secteur":"Ouest"},
{"date":"2012-04-12","mm":4,"jj":12,"mois":"avril","jour":"jeudi","collecte":"MC, OM","description":"Matières compostables, Ordures ménagères","secteur":"Ouest"},
{"date":"2012-04-13","mm":4,"jj":13,"mois":"avril","jour":"vendredi","collecte":"MC, OM","description":"Matières compostables, Ordures ménagères","secteur":"Ouest"},
{"date":"2012-04-16","mm":4,"jj":16,"mois":"avril","jour":"lundi","collecte":"MC, MR","description":"Matières compostables, Matières recyclables","secteur":"Ouest"},
{"date":"2012-04-17","mm":4,"jj":17,"mois":"avril","jour":"mardi","collecte":"MC, MR","description":"Matières compostables, Matières recyclables","secteur":"Ouest"},
{"date":"2012-04-18","mm":4,"jj":18,"mois":"avril","jour":"mercredi","collecte":"MC, MR","description":"Matières compostables, Matières recyclables","secteur":"Ouest"},
{"date":"2012-04-19","mm":4,"jj":19,"mois":"avril","jour":"jeudi","collecte":"MC, MR","description":"Matières compostables, Matières recyclables","secteur":"Ouest"},
{"date":"2012-04-20","mm":4,"jj":20,"mois":"avril","jour":"vendredi","collecte":"MC, MR","description":"Matières compostables, Matières recyclables","secteur":"Ouest"},
{"date":"2012-04-23","mm":4,"jj":23,"mois":"avril","jour":"lundi","collecte":"MC, OM","description":"Matières compostables, Ordures ménagères","secteur":"Ouest"},
{"date":"2012-04-24","mm":4,"jj":24,"mois":"avril","jour":"mardi","collecte":"MC, OM","description":"Matières compostables, Ordures ménagères","secteur":"Ouest"},
{"date":"2012-04-25","mm":4,"jj":25,"mois":"avril","jour":"mercredi","collecte":"MC, OM","description":"Matières compostables, Ordures ménagères","secteur":"Ouest"},
{"date":"2012-04-26","mm":4,"jj":26,"mois":"avril","jour":"jeudi","collecte":"MC, OM","description":"Matières compostables, Ordures ménagères","secteur":"Ouest"},
{"date":"2012-04-27","mm":4,"jj":27,"mois":"avril","jour":"vendredi","collecte":"MC, OM","description":"Matières compostables, Ordures ménagères","secteur":"Ouest"},
{"date":"2012-04-30","mm":4,"jj":30,"mois":"avril","jour":"lundi","collecte":"MC, MR","description":"Matières compostables, Matières recyclables","secteur":"Ouest"},
{"date":"2012-05-01","mm":5,"jj":1,"mois":"mai","jour":"mardi","collecte":"MC, MR","description":"Matières compostables, Matières recyclables","secteur":"Ouest"},
{"date":"2012-05-02","mm":5,"jj":2,"mois":"mai","jour":"mercredi","collecte":"MC, MR","description":"Matières compostables, Matières recyclables","secteur":"Ouest"},
{"date":"2012-05-03","mm":5,"jj":3,"mois":"mai","jour":"jeudi","collecte":"MC, MR","description":"Matières compostables, Matières recyclables","secteur":"Ouest"},
{"date":"2012-05-04","mm":5,"jj":4,"mois":"mai","jour":"vendredi","collecte":"MC, MR","description":"Matières compostables, Matières recyclables","secteur":"Ouest"},
{"date":"2012-05-07","mm":5,"jj":7,"mois":"mai","jour":"lundi","collecte":"MC, OM","description":"Matières compostables, Ordures ménagères","secteur":"Ouest"},
{"date":"2012-05-08","mm":5,"jj":8,"mois":"mai","jour":"mardi","collecte":"MC, OM","description":"Matières compostables, Ordures ménagères","secteur":"Ouest"},
{"date":"2012-05-09","mm":5,"jj":9,"mois":"mai","jour":"mercredi","collecte":"MC, OM","description":"Matières compostables, Ordures ménagères","secteur":"Ouest"},
{"date":"2012-05-10","mm":5,"jj":10,"mois":"mai","jour":"jeudi","collecte":"MC, OM","description":"Matières compostables, Ordures ménagères","secteur":"Ouest"},
{"date":"2012-05-11","mm":5,"jj":11,"mois":"mai","jour":"vendredi","collecte":"MC, OM","description":"Matières compostables, Ordures ménagères","secteur":"Ouest"},
{"date":"2012-05-14","mm":5,"jj":14,"mois":"mai","jour":"lundi","collecte":"MC, MR","description":"Matières compostables, Matières recyclables","secteur":"Ouest"},
{"date":"2012-05-15","mm":5,"jj":15,"mois":"mai","jour":"mardi","collecte":"MC, MR","description":"Matières compostables, Matières recyclables","secteur":"Ouest"},
{"date":"2012-05-16","mm":5,"jj":16,"mois":"mai","jour":"mercredi","collecte":"MC, MR","description":"Matières compostables, Matières recyclables","secteur":"Ouest"},
{"date":"2012-05-17","mm":5,"jj":17,"mois":"mai","jour":"jeudi","collecte":"MC, MR","description":"Matières compostables, Matières recyclables","secteur":"Ouest"},
{"date":"2012-05-18","mm":5,"jj":18,"mois":"mai","jour":"vendredi","collecte":"MC, MR","description":"Matières compostables, Matières recyclables","secteur":"Ouest"},
{"date":"2012-05-21","mm":5,"jj":21,"mois":"mai","jour":"lundi","collecte":"MC, OM","description":"Matières compostables, Ordures ménagères","secteur":"Ouest"},
{"date":"2012-05-22","mm":5,"jj":22,"mois":"mai","jour":"mardi","collecte":"MC, OM","description":"Matières compostables, Ordures ménagères","secteur":"Ouest"},
{"date":"2012-05-23","mm":5,"jj":23,"mois":"mai","jour":"mercredi","collecte":"MC, OM","description":"Matières compostables, Ordures ménagères","secteur":"Ouest"},
{"date":"2012-05-24","mm":5,"jj":24,"mois":"mai","jour":"jeudi","collecte":"MC, OM","description":"Matières compostables, Ordures ménagères","secteur":"Ouest"},
{"date":"2012-05-25","mm":5,"jj":25,"mois":"mai","jour":"vendredi","collecte":"MC, OM","description":"Matières compostables, Ordures ménagères","secteur":"Ouest"},
{"date":"2012-05-28","mm":5,"jj":28,"mois":"mai","jour":"lundi","collecte":"MC, MR","description":"Matières compostables, Matières recyclables","secteur":"Ouest"},
{"date":"2012-05-29","mm":5,"jj":29,"mois":"mai","jour":"mardi","collecte":"MC, MR","description":"Matières compostables, Matières recyclables","secteur":"Ouest"},
{"date":"2012-05-30","mm":5,"jj":30,"mois":"mai","jour":"mercredi","collecte":"MC, MR","description":"Matières compostables, Matières recyclables","secteur":"Ouest"},
{"date":"2012-05-31","mm":5,"jj":31,"mois":"mai","jour":"jeudi","collecte":"MC, MR","description":"Matières compostables, Matières recyclables","secteur":"Ouest"},
{"date":"2012-06-01","mm":6,"jj":1,"mois":"juin","jour":"vendredi","collecte":"MC, MR","description":"Matières compostables, Matières recyclables","secteur":"Ouest"},
{"date":"2012-06-04","mm":6,"jj":4,"mois":"juin","jour":"lundi","collecte":"MC, OM","description":"Matières compostables, Ordures ménagères","secteur":"Ouest"},
{"date":"2012-06-05","mm":6,"jj":5,"mois":"juin","jour":"mardi","collecte":"MC, OM","description":"Matières compostables, Ordures ménagères","secteur":"Ouest"},
{"date":"2012-06-06","mm":6,"jj":6,"mois":"juin","jour":"mercredi","collecte":"MC, OM","description":"Matières compostables, Ordures ménagères","secteur":"Ouest"},
{"date":"2012-06-07","mm":6,"jj":7,"mois":"juin","jour":"jeudi","collecte":"MC, OM","description":"Matières compostables, Ordures ménagères","secteur":"Ouest"},
{"date":"2012-06-08","mm":6,"jj":8,"mois":"juin","jour":"vendredi","collecte":"MC, OM","description":"Matières compostables, Ordures ménagères","secteur":"Ouest"},
{"date":"2012-06-11","mm":6,"jj":11,"mois":"juin","jour":"lundi","collecte":"MC, MR","description":"Matières compostables, Matières recyclables","secteur":"Ouest"},
{"date":"2012-06-12","mm":6,"jj":12,"mois":"juin","jour":"mardi","collecte":"MC, MR","description":"Matières compostables, Matières recyclables","secteur":"Ouest"},
{"date":"2012-06-13","mm":6,"jj":13,"mois":"juin","jour":"mercredi","collecte":"MC, MR","description":"Matières compostables, Matières recyclables","secteur":"Ouest"},
{"date":"2012-06-14","mm":6,"jj":14,"mois":"juin","jour":"jeudi","collecte":"MC, MR","description":"Matières compostables, Matières recyclables","secteur":"Ouest"},
{"date":"2012-06-15","mm":6,"jj":15,"mois":"juin","jour":"vendredi","collecte":"MC, MR","description":"Matières compostables, Matières recyclables","secteur":"Ouest"},
{"date":"2012-06-18","mm":6,"jj":18,"mois":"juin","jour":"lundi","collecte":"MC, OM","description":"Matières compostables, Ordures ménagères","secteur":"Ouest"},
{"date":"2012-06-19","mm":6,"jj":19,"mois":"juin","jour":"mardi","collecte":"MC, OM","description":"Matières compostables, Ordures ménagères","secteur":"Ouest"},
{"date":"2012-06-20","mm":6,"jj":20,"mois":"juin","jour":"mercredi","collecte":"MC, OM","description":"Matières compostables, Ordures ménagères","secteur":"Ouest"},
{"date":"2012-06-21","mm":6,"jj":21,"mois":"juin","jour":"jeudi","collecte":"MC, OM","description":"Matières compostables, Ordures ménagères","secteur":"Ouest"},
{"date":"2012-06-22","mm":6,"jj":22,"mois":"juin","jour":"vendredi","collecte":"MC, OM","description":"Matières compostables, Ordures ménagères","secteur":"Ouest"},
{"date":"2012-06-25","mm":6,"jj":25,"mois":"juin","jour":"lundi","collecte":"MC, MR","description":"Matières compostables, Matières recyclables","secteur":"Ouest"},
{"date":"2012-06-26","mm":6,"jj":26,"mois":"juin","jour":"mardi","collecte":"MC, MR","description":"Matières compostables, Matières recyclables","secteur":"Ouest"},
{"date":"2012-06-27","mm":6,"jj":27,"mois":"juin","jour":"mercredi","collecte":"MC, MR","description":"Matières compostables, Matières recyclables","secteur":"Ouest"},
{"date":"2012-06-28","mm":6,"jj":28,"mois":"juin","jour":"jeudi","collecte":"MC, MR","description":"Matières compostables, Matières recyclables","secteur":"Ouest"},
{"date":"2012-06-29","mm":6,"jj":29,"mois":"juin","jour":"vendredi","collecte":"MC, MR","description":"Matières compostables, Matières recyclables","secteur":"Ouest"},
{"date":"2012-07-02","mm":7,"jj":2,"mois":"juillet","jour":"lundi","collecte":"MC, OM","description":"Matières compostables, Ordures ménagères","secteur":"Ouest"},
{"date":"2012-07-03","mm":7,"jj":3,"mois":"juillet","jour":"mardi","collecte":"MC, OM","description":"Matières compostables, Ordures ménagères","secteur":"Ouest"},
{"date":"2012-07-04","mm":7,"jj":4,"mois":"juillet","jour":"mercredi","collecte":"MC, OM","description":"Matières compostables, Ordures ménagères","secteur":"Ouest"},
{"date":"2012-07-05","mm":7,"jj":5,"mois":"juillet","jour":"jeudi","collecte":"MC, OM","description":"Matières compostables, Ordures ménagères","secteur":"Ouest"},
{"date":"2012-07-06","mm":7,"jj":6,"mois":"juillet","jour":"vendredi","collecte":"MC, OM","description":"Matières compostables, Ordures ménagères","secteur":"Ouest"},
{"date":"2012-07-09","mm":7,"jj":9,"mois":"juillet","jour":"lundi","collecte":"MC, MR","description":"Matières compostables, Matières recyclables","secteur":"Ouest"},
{"date":"2012-07-10","mm":7,"jj":10,"mois":"juillet","jour":"mardi","collecte":"MC, MR","description":"Matières compostables, Matières recyclables","secteur":"Ouest"},
{"date":"2012-07-11","mm":7,"jj":11,"mois":"juillet","jour":"mercredi","collecte":"MC, MR","description":"Matières compostables, Matières recyclables","secteur":"Ouest"},
{"date":"2012-07-12","mm":7,"jj":12,"mois":"juillet","jour":"jeudi","collecte":"MC, MR","description":"Matières compostables, Matières recyclables","secteur":"Ouest"},
{"date":"2012-07-13","mm":7,"jj":13,"mois":"juillet","jour":"vendredi","collecte":"MC, MR","description":"Matières compostables, Matières recyclables","secteur":"Ouest"},
{"date":"2012-07-16","mm":7,"jj":16,"mois":"juillet","jour":"lundi","collecte":"MC, OM","description":"Matières compostables, Ordures ménagères","secteur":"Ouest"},
{"date":"2012-07-17","mm":7,"jj":17,"mois":"juillet","jour":"mardi","collecte":"MC, OM","description":"Matières compostables, Ordures ménagères","secteur":"Ouest"},
{"date":"2012-07-18","mm":7,"jj":18,"mois":"juillet","jour":"mercredi","collecte":"MC, OM","description":"Matières compostables, Ordures ménagères","secteur":"Ouest"},
{"date":"2012-07-19","mm":7,"jj":19,"mois":"juillet","jour":"jeudi","collecte":"MC, OM","description":"Matières compostables, Ordures ménagères","secteur":"Ouest"},
{"date":"2012-07-20","mm":7,"jj":20,"mois":"juillet","jour":"vendredi","collecte":"MC, OM","description":"Matières compostables, Ordures ménagères","secteur":"Ouest"},
{"date":"2012-07-23","mm":7,"jj":23,"mois":"juillet","jour":"lundi","collecte":"MC, MR","description":"Matières compostables, Matières recyclables","secteur":"Ouest"},
{"date":"2012-07-24","mm":7,"jj":24,"mois":"juillet","jour":"mardi","collecte":"MC, MR","description":"Matières compostables, Matières recyclables","secteur":"Ouest"},
{"date":"2012-07-25","mm":7,"jj":25,"mois":"juillet","jour":"mercredi","collecte":"MC, MR","description":"Matières compostables, Matières recyclables","secteur":"Ouest"},
{"date":"2012-07-26","mm":7,"jj":26,"mois":"juillet","jour":"jeudi","collecte":"MC, MR","description":"Matières compostables, Matières recyclables","secteur":"Ouest"},
{"date":"2012-07-27","mm":7,"jj":27,"mois":"juillet","jour":"vendredi","collecte":"MC, MR","description":"Matières compostables, Matières recyclables","secteur":"Ouest"},
{"date":"2012-07-30","mm":7,"jj":30,"mois":"juillet","jour":"lundi","collecte":"MC, OM","description":"Matières compostables, Ordures ménagères","secteur":"Ouest"},
{"date":"2012-07-31","mm":7,"jj":31,"mois":"juillet","jour":"mardi","collecte":"MC, OM","description":"Matières compostables, Ordures ménagères","secteur":"Ouest"},
{"date":"2012-08-01","mm":8,"jj":1,"mois":"août","jour":"mercredi","collecte":"MC, OM","description":"Matières compostables, Ordures ménagères","secteur":"Ouest"},
{"date":"2012-08-02","mm":8,"jj":2,"mois":"août","jour":"jeudi","collecte":"MC, OM","description":"Matières compostables, Ordures ménagères","secteur":"Ouest"},
{"date":"2012-08-03","mm":8,"jj":3,"mois":"août","jour":"vendredi","collecte":"MC, OM","description":"Matières compostables, Ordures ménagères","secteur":"Ouest"},
{"date":"2012-08-06","mm":8,"jj":6,"mois":"août","jour":"lundi","collecte":"MC, MR","description":"Matières compostables, Matières recyclables","secteur":"Ouest"},
{"date":"2012-08-07","mm":8,"jj":7,"mois":"août","jour":"mardi","collecte":"MC, MR","description":"Matières compostables, Matières recyclables","secteur":"Ouest"},
{"date":"2012-08-08","mm":8,"jj":8,"mois":"août","jour":"mercredi","collecte":"MC, MR","description":"Matières compostables, Matières recyclables","secteur":"Ouest"},
{"date":"2012-08-09","mm":8,"jj":9,"mois":"août","jour":"jeudi","collecte":"MC, MR","description":"Matières compostables, Matières recyclables","secteur":"Ouest"},
{"date":"2012-08-10","mm":8,"jj":10,"mois":"août","jour":"vendredi","collecte":"MC, MR","description":"Matières compostables, Matières recyclables","secteur":"Ouest"},
{"date":"2012-08-13","mm":8,"jj":13,"mois":"août","jour":"lundi","collecte":"MC, OM","description":"Matières compostables, Ordures ménagères","secteur":"Ouest"},
{"date":"2012-08-14","mm":8,"jj":14,"mois":"août","jour":"mardi","collecte":"MC, OM","description":"Matières compostables, Ordures ménagères","secteur":"Ouest"},
{"date":"2012-08-15","mm":8,"jj":15,"mois":"août","jour":"mercredi","collecte":"MC, OM","description":"Matières compostables, Ordures ménagères","secteur":"Ouest"},
{"date":"2012-08-16","mm":8,"jj":16,"mois":"août","jour":"jeudi","collecte":"MC, OM","description":"Matières compostables, Ordures ménagères","secteur":"Ouest"},
{"date":"2012-08-17","mm":8,"jj":17,"mois":"août","jour":"vendredi","collecte":"MC, OM","description":"Matières compostables, Ordures ménagères","secteur":"Ouest"},
{"date":"2012-08-20","mm":8,"jj":20,"mois":"août","jour":"lundi","collecte":"MC, MR","description":"Matières compostables, Matières recyclables","secteur":"Ouest"},
{"date":"2012-08-21","mm":8,"jj":21,"mois":"août","jour":"mardi","collecte":"MC, MR","description":"Matières compostables, Matières recyclables","secteur":"Ouest"},
{"date":"2012-08-22","mm":8,"jj":22,"mois":"août","jour":"mercredi","collecte":"MC, MR","description":"Matières compostables, Matières recyclables","secteur":"Ouest"},
{"date":"2012-08-23","mm":8,"jj":23,"mois":"août","jour":"jeudi","collecte":"MC, MR","description":"Matières compostables, Matières recyclables","secteur":"Ouest"},
{"date":"2012-08-24","mm":8,"jj":24,"mois":"août","jour":"vendredi","collecte":"MC, MR","description":"Matières compostables, Matières recyclables","secteur":"Ouest"},
{"date":"2012-08-27","mm":8,"jj":27,"mois":"août","jour":"lundi","collecte":"MC, OM","description":"Matières compostables, Ordures ménagères","secteur":"Ouest"},
{"date":"2012-08-28","mm":8,"jj":28,"mois":"août","jour":"mardi","collecte":"MC, OM","description":"Matières compostables, Ordures ménagères","secteur":"Ouest"},
{"date":"2012-08-29","mm":8,"jj":29,"mois":"août","jour":"mercredi","collecte":"MC, OM","description":"Matières compostables, Ordures ménagères","secteur":"Ouest"},
{"date":"2012-08-30","mm":8,"jj":30,"mois":"août","jour":"jeudi","collecte":"MC, OM","description":"Matières compostables, Ordures ménagères","secteur":"Ouest"},
{"date":"2012-08-31","mm":8,"jj":31,"mois":"août","jour":"vendredi","collecte":"MC, OM","description":"Matières compostables, Ordures ménagères","secteur":"Ouest"},
{"date":"2012-09-03","mm":9,"jj":3,"mois":"septembre","jour":"lundi","collecte":"MC, MR","description":"Matières compostables, Matières recyclables","secteur":"Ouest"},
{"date":"2012-09-04","mm":9,"jj":4,"mois":"septembre","jour":"mardi","collecte":"MC, MR","description":"Matières compostables, Matières recyclables","secteur":"Ouest"},
{"date":"2012-09-05","mm":9,"jj":5,"mois":"septembre","jour":"mercredi","collecte":"MC, MR","description":"Matières compostables, Matières recyclables","secteur":"Ouest"},
{"date":"2012-09-06","mm":9,"jj":6,"mois":"septembre","jour":"jeudi","collecte":"MC, MR","description":"Matières compostables, Matières recyclables","secteur":"Ouest"},
{"date":"2012-09-07","mm":9,"jj":7,"mois":"septembre","jour":"vendredi","collecte":"MC, MR","description":"Matières compostables, Matières recyclables","secteur":"Ouest"},
{"date":"2012-09-10","mm":9,"jj":10,"mois":"septembre","jour":"lundi","collecte":"MC, OM","description":"Matières compostables, Ordures ménagères","secteur":"Ouest"},
{"date":"2012-09-11","mm":9,"jj":11,"mois":"septembre","jour":"mardi","collecte":"MC, OM","description":"Matières compostables, Ordures ménagères","secteur":"Ouest"},
{"date":"2012-09-12","mm":9,"jj":12,"mois":"septembre","jour":"mercredi","collecte":"MC, OM","description":"Matières compostables, Ordures ménagères","secteur":"Ouest"},
{"date":"2012-09-13","mm":9,"jj":13,"mois":"septembre","jour":"jeudi","collecte":"MC, OM","description":"Matières compostables, Ordures ménagères","secteur":"Ouest"},
{"date":"2012-09-14","mm":9,"jj":14,"mois":"septembre","jour":"vendredi","collecte":"MC, OM","description":"Matières compostables, Ordures ménagères","secteur":"Ouest"},
{"date":"2012-09-17","mm":9,"jj":17,"mois":"septembre","jour":"lundi","collecte":"MC, MR","description":"Matières compostables, Matières recyclables","secteur":"Ouest"},
{"date":"2012-09-18","mm":9,"jj":18,"mois":"septembre","jour":"mardi","collecte":"MC, MR","description":"Matières compostables, Matières recyclables","secteur":"Ouest"},
{"date":"2012-09-19","mm":9,"jj":19,"mois":"septembre","jour":"mercredi","collecte":"MC, MR","description":"Matières compostables, Matières recyclables","secteur":"Ouest"},
{"date":"2012-09-20","mm":9,"jj":20,"mois":"septembre","jour":"jeudi","collecte":"MC, MR","description":"Matières compostables, Matières recyclables","secteur":"Ouest"},
{"date":"2012-09-21","mm":9,"jj":21,"mois":"septembre","jour":"vendredi","collecte":"MC, MR","description":"Matières compostables, Matières recyclables","secteur":"Ouest"},
{"date":"2012-09-24","mm":9,"jj":24,"mois":"septembre","jour":"lundi","collecte":"MC, OM","description":"Matières compostables, Ordures ménagères","secteur":"Ouest"},
{"date":"2012-09-25","mm":9,"jj":25,"mois":"septembre","jour":"mardi","collecte":"MC, OM","description":"Matières compostables, Ordures ménagères","secteur":"Ouest"},
{"date":"2012-09-26","mm":9,"jj":26,"mois":"septembre","jour":"mercredi","collecte":"MC, OM","description":"Matières compostables, Ordures ménagères","secteur":"Ouest"},
{"date":"2012-09-27","mm":9,"jj":27,"mois":"septembre","jour":"jeudi","collecte":"MC, OM","description":"Matières compostables, Ordures ménagères","secteur":"Ouest"},
{"date":"2012-09-28","mm":9,"jj":28,"mois":"septembre","jour":"vendredi","collecte":"MC, OM","description":"Matières compostables, Ordures ménagères","secteur":"Ouest"},
{"date":"2012-10-01","mm":10,"jj":1,"mois":"octobre","jour":"lundi","collecte":"MC, MR","description":"Matières compostables, Matières recyclables","secteur":"Ouest"},
{"date":"2012-10-02","mm":10,"jj":2,"mois":"octobre","jour":"mardi","collecte":"MC, MR","description":"Matières compostables, Matières recyclables","secteur":"Ouest"},
{"date":"2012-10-03","mm":10,"jj":3,"mois":"octobre","jour":"mercredi","collecte":"MC, MR","description":"Matières compostables, Matières recyclables","secteur":"Ouest"},
{"date":"2012-10-04","mm":10,"jj":4,"mois":"octobre","jour":"jeudi","collecte":"MC, MR","description":"Matières compostables, Matières recyclables","secteur":"Ouest"},
{"date":"2012-10-05","mm":10,"jj":5,"mois":"octobre","jour":"vendredi","collecte":"MC, MR","description":"Matières compostables, Matières recyclables","secteur":"Ouest"},
{"date":"2012-10-08","mm":10,"jj":8,"mois":"octobre","jour":"lundi","collecte":"MC, OM","description":"Matières compostables, Ordures ménagères","secteur":"Ouest"},
{"date":"2012-10-09","mm":10,"jj":9,"mois":"octobre","jour":"mardi","collecte":"MC, OM","description":"Matières compostables, Ordures ménagères","secteur":"Ouest"},
{"date":"2012-10-10","mm":10,"jj":10,"mois":"octobre","jour":"mercredi","collecte":"MC, OM","description":"Matières compostables, Ordures ménagères","secteur":"Ouest"},
{"date":"2012-10-11","mm":10,"jj":11,"mois":"octobre","jour":"jeudi","collecte":"MC, OM","description":"Matières compostables, Ordures ménagères","secteur":"Ouest"},
{"date":"2012-10-12","mm":10,"jj":12,"mois":"octobre","jour":"vendredi","collecte":"MC, OM","description":"Matières compostables, Ordures ménagères","secteur":"Ouest"},
{"date":"2012-10-15","mm":10,"jj":15,"mois":"octobre","jour":"lundi","collecte":"MC, MR","description":"Matières compostables, Matières recyclables","secteur":"Ouest"},
{"date":"2012-10-16","mm":10,"jj":16,"mois":"octobre","jour":"mardi","collecte":"MC, MR","description":"Matières compostables, Matières recyclables","secteur":"Ouest"},
{"date":"2012-10-17","mm":10,"jj":17,"mois":"octobre","jour":"mercredi","collecte":"MC, MR","description":"Matières compostables, Matières recyclables","secteur":"Ouest"},
{"date":"2012-10-18","mm":10,"jj":18,"mois":"octobre","jour":"jeudi","collecte":"MC, MR","description":"Matières compostables, Matières recyclables","secteur":"Ouest"},
{"date":"2012-10-19","mm":10,"jj":19,"mois":"octobre","jour":"vendredi","collecte":"MC, MR","description":"Matières compostables, Matières recyclables","secteur":"Ouest"},
{"date":"2012-10-22","mm":10,"jj":22,"mois":"octobre","jour":"lundi","collecte":"MC, OM","description":"Matières compostables, Ordures ménagères","secteur":"Ouest"},
{"date":"2012-10-23","mm":10,"jj":23,"mois":"octobre","jour":"mardi","collecte":"MC, OM","description":"Matières compostables, Ordures ménagères","secteur":"Ouest"},
{"date":"2012-10-24","mm":10,"jj":24,"mois":"octobre","jour":"mercredi","collecte":"MC, OM","description":"Matières compostables, Ordures ménagères","secteur":"Ouest"},
{"date":"2012-10-25","mm":10,"jj":25,"mois":"octobre","jour":"jeudi","collecte":"MC, OM","description":"Matières compostables, Ordures ménagères","secteur":"Ouest"},
{"date":"2012-10-26","mm":10,"jj":26,"mois":"octobre","jour":"vendredi","collecte":"MC, OM","description":"Matières compostables, Ordures ménagères","secteur":"Ouest"},
{"date":"2012-10-29","mm":10,"jj":29,"mois":"octobre","jour":"lundi","collecte":"MC, MR","description":"Matières compostables, Matières recyclables","secteur":"Ouest"},
{"date":"2012-10-30","mm":10,"jj":30,"mois":"octobre","jour":"mardi","collecte":"MC, MR","description":"Matières compostables, Matières recyclables","secteur":"Ouest"},
{"date":"2012-10-31","mm":10,"jj":31,"mois":"octobre","jour":"mercredi","collecte":"MC, MR","description":"Matières compostables, Matières recyclables","secteur":"Ouest"},
{"date":"2012-11-01","mm":11,"jj":1,"mois":"novembre","jour":"jeudi","collecte":"MC, MR","description":"Matières compostables, Matières recyclables","secteur":"Ouest"},
{"date":"2012-11-02","mm":11,"jj":2,"mois":"novembre","jour":"vendredi","collecte":"MC, MR","description":"Matières compostables, Matières recyclables","secteur":"Ouest"},
{"date":"2012-11-05","mm":11,"jj":5,"mois":"novembre","jour":"lundi","collecte":"MC, OM","description":"Matières compostables, Ordures ménagères","secteur":"Ouest"},
{"date":"2012-11-06","mm":11,"jj":6,"mois":"novembre","jour":"mardi","collecte":"MC, OM","description":"Matières compostables, Ordures ménagères","secteur":"Ouest"},
{"date":"2012-11-07","mm":11,"jj":7,"mois":"novembre","jour":"mercredi","collecte":"MC, OM","description":"Matières compostables, Ordures ménagères","secteur":"Ouest"},
{"date":"2012-11-08","mm":11,"jj":8,"mois":"novembre","jour":"jeudi","collecte":"MC, OM","description":"Matières compostables, Ordures ménagères","secteur":"Ouest"},
{"date":"2012-11-09","mm":11,"jj":9,"mois":"novembre","jour":"vendredi","collecte":"MC, OM","description":"Matières compostables, Ordures ménagères","secteur":"Ouest"},
{"date":"2012-11-12","mm":11,"jj":12,"mois":"novembre","jour":"lundi","collecte":"MC, MR","description":"Matières compostables, Matières recyclables","secteur":"Ouest"},
{"date":"2012-11-13","mm":11,"jj":13,"mois":"novembre","jour":"mardi","collecte":"MC, MR","description":"Matières compostables, Matières recyclables","secteur":"Ouest"},
{"date":"2012-11-14","mm":11,"jj":14,"mois":"novembre","jour":"mercredi","collecte":"MC, MR","description":"Matières compostables, Matières recyclables","secteur":"Ouest"},
{"date":"2012-11-15","mm":11,"jj":15,"mois":"novembre","jour":"jeudi","collecte":"MC, MR","description":"Matières compostables, Matières recyclables","secteur":"Ouest"},
{"date":"2012-11-16","mm":11,"jj":16,"mois":"novembre","jour":"vendredi","collecte":"MC, MR","description":"Matières compostables, Matières recyclables","secteur":"Ouest"},
{"date":"2012-11-19","mm":11,"jj":19,"mois":"novembre","jour":"lundi","collecte":"MC, OM","description":"Matières compostables, Ordures ménagères","secteur":"Ouest"},
{"date":"2012-11-20","mm":11,"jj":20,"mois":"novembre","jour":"mardi","collecte":"MC, OM","description":"Matières compostables, Ordures ménagères","secteur":"Ouest"},
{"date":"2012-11-21","mm":11,"jj":21,"mois":"novembre","jour":"mercredi","collecte":"MC, OM","description":"Matières compostables, Ordures ménagères","secteur":"Ouest"},
{"date":"2012-11-22","mm":11,"jj":22,"mois":"novembre","jour":"jeudi","collecte":"MC, OM","description":"Matières compostables, Ordures ménagères","secteur":"Ouest"},
{"date":"2012-11-23","mm":11,"jj":23,"mois":"novembre","jour":"vendredi","collecte":"MC, OM","description":"Matières compostables, Ordures ménagères","secteur":"Ouest"},
{"date":"2012-11-26","mm":11,"jj":26,"mois":"novembre","jour":"lundi","collecte":"MC, MR","description":"Matières compostables, Matières recyclables","secteur":"Ouest"},
{"date":"2012-11-27","mm":11,"jj":27,"mois":"novembre","jour":"mardi","collecte":"MC, MR","description":"Matières compostables, Matières recyclables","secteur":"Ouest"},
{"date":"2012-11-28","mm":11,"jj":28,"mois":"novembre","jour":"mercredi","collecte":"MC, MR","description":"Matières compostables, Matières recyclables","secteur":"Ouest"},
{"date":"2012-11-29","mm":11,"jj":29,"mois":"novembre","jour":"jeudi","collecte":"MC, MR","description":"Matières compostables, Matières recyclables","secteur":"Ouest"},
{"date":"2012-11-30","mm":11,"jj":30,"mois":"novembre","jour":"vendredi","collecte":"MC, MR","description":"Matières compostables, Matières recyclables","secteur":"Ouest"},
{"date":"2012-12-03","mm":12,"jj":3,"mois":"décembre","jour":"lundi","collecte":"MC, OM","description":"Matières compostables, Ordures ménagères","secteur":"Ouest"},
{"date":"2012-12-04","mm":12,"jj":4,"mois":"décembre","jour":"mardi","collecte":"MC, OM","description":"Matières compostables, Ordures ménagères","secteur":"Ouest"},
{"date":"2012-12-05","mm":12,"jj":5,"mois":"décembre","jour":"mercredi","collecte":"MC, OM","description":"Matières compostables, Ordures ménagères","secteur":"Ouest"},
{"date":"2012-12-06","mm":12,"jj":6,"mois":"décembre","jour":"jeudi","collecte":"MC, OM","description":"Matières compostables, Ordures ménagères","secteur":"Ouest"},
{"date":"2012-12-07","mm":12,"jj":7,"mois":"décembre","jour":"vendredi","collecte":"MC, OM","description":"Matières compostables, Ordures ménagères","secteur":"Ouest"},
{"date":"2012-12-10","mm":12,"jj":10,"mois":"décembre","jour":"lundi","collecte":"MC, MR","description":"Matières compostables, Matières recyclables","secteur":"Ouest"},
{"date":"2012-12-11","mm":12,"jj":11,"mois":"décembre","jour":"mardi","collecte":"MC, MR","description":"Matières compostables, Matières recyclables","secteur":"Ouest"},
{"date":"2012-12-12","mm":12,"jj":12,"mois":"décembre","jour":"mercredi","collecte":"MC, MR","description":"Matières compostables, Matières recyclables","secteur":"Ouest"},
{"date":"2012-12-13","mm":12,"jj":13,"mois":"décembre","jour":"jeudi","collecte":"MC, MR","description":"Matières compostables, Matières recyclables","secteur":"Ouest"},
{"date":"2012-12-14","mm":12,"jj":14,"mois":"décembre","jour":"vendredi","collecte":"MC, MR","description":"Matières compostables, Matières recyclables","secteur":"Ouest"},
{"date":"2012-12-17","mm":12,"jj":17,"mois":"décembre","jour":"lundi","collecte":"MC, OM","description":"Matières compostables, Ordures ménagères","secteur":"Ouest"},
{"date":"2012-12-18","mm":12,"jj":18,"mois":"décembre","jour":"mardi","collecte":"MC, OM","description":"Matières compostables, Ordures ménagères","secteur":"Ouest"},
{"date":"2012-12-19","mm":12,"jj":19,"mois":"décembre","jour":"mercredi","collecte":"MC, OM","description":"Matières compostables, Ordures ménagères","secteur":"Ouest"},
{"date":"2012-12-20","mm":12,"jj":20,"mois":"décembre","jour":"jeudi","collecte":"MC, OM","description":"Matières compostables, Ordures ménagères","secteur":"Ouest"},
{"date":"2012-12-21","mm":12,"jj":21,"mois":"décembre","jour":"vendredi","collecte":"MC, OM","description":"Matières compostables, Ordures ménagères","secteur":"Ouest"},
{"date":"2012-12-24","mm":12,"jj":24,"mois":"décembre","jour":"lundi","collecte":"MC, MR","description":"Matières compostables, Matières recyclables","secteur":"Ouest"},
{"date":"2012-12-25","mm":12,"jj":25,"mois":"décembre","jour":"mardi","collecte":"CR","description":"Collecte reportée au lendemain","secteur":"Ouest"},
{"date":"2012-12-26","mm":12,"jj":26,"mois":"décembre","jour":"mercredi","collecte":"CR","description":"Collecte reportée au lendemain","secteur":"Ouest"},
{"date":"2012-12-27","mm":12,"jj":27,"mois":"décembre","jour":"jeudi","collecte":"CR","description":"Collecte reportée au lendemain","secteur":"Ouest"},
{"date":"2012-12-28","mm":12,"jj":28,"mois":"décembre","jour":"vendredi","collecte":"CR","description":"Collecte reportée au lendemain","secteur":"Ouest"},
{"date":"2012-12-31","mm":12,"jj":31,"mois":"décembre","jour":"lundi","collecte":"MC, OM","description":"Matières compostables, Ordures ménagères","secteur":"Ouest"},
{"date":"2012-01-02","mm":1,"jj":2,"mois":"janvier","jour":"lundi","collecte":"AN, MC, MR","description":"Arbres de Noël, Matières compostables, Matières recyclables","secteur":"Est"},
{"date":"2012-01-03","mm":1,"jj":3,"mois":"janvier","jour":"mardi","collecte":"AN, MC, MR","description":"Arbres de Noël, Matières compostables, Matières recyclables","secteur":"Est"},
{"date":"2012-01-04","mm":1,"jj":4,"mois":"janvier","jour":"mercredi","collecte":"AN, MC, MR","description":"Arbres de Noël, Matières compostables, Matières recyclables","secteur":"Est"},
{"date":"2012-01-05","mm":1,"jj":5,"mois":"janvier","jour":"jeudi","collecte":"AN, MC, MR","description":"Arbres de Noël, Matières compostables, Matières recyclables","secteur":"Est"},
{"date":"2012-01-06","mm":1,"jj":6,"mois":"janvier","jour":"vendredi","collecte":"AN, MC, MR","description":"Arbres de Noël, Matières compostables, Matières recyclables","secteur":"Est"},
{"date":"2012-01-09","mm":1,"jj":9,"mois":"janvier","jour":"lundi","collecte":"AN, MC, OM","description":"Arbres de Noël, Matières compostables, Ordures ménagères","secteur":"Est"},
{"date":"2012-01-10","mm":1,"jj":10,"mois":"janvier","jour":"mardi","collecte":"AN, MC, OM","description":"Arbres de Noël, Matières compostables, Ordures ménagères","secteur":"Est"},
{"date":"2012-01-11","mm":1,"jj":11,"mois":"janvier","jour":"mercredi","collecte":"AN, MC, OM","description":"Arbres de Noël, Matières compostables, Ordures ménagères","secteur":"Est"},
{"date":"2012-01-12","mm":1,"jj":12,"mois":"janvier","jour":"jeudi","collecte":"AN, MC, OM","description":"Arbres de Noël, Matières compostables, Ordures ménagères","secteur":"Est"},
{"date":"2012-01-13","mm":1,"jj":13,"mois":"janvier","jour":"vendredi","collecte":"AN, MC, OM","description":"Arbres de Noël, Matières compostables, Ordures ménagères","secteur":"Est"},
{"date":"2012-01-16","mm":1,"jj":16,"mois":"janvier","jour":"lundi","collecte":"MC, MR","description":"Matières compostables, Matières recyclables","secteur":"Est"},
{"date":"2012-01-17","mm":1,"jj":17,"mois":"janvier","jour":"mardi","collecte":"MC, MR","description":"Matières compostables, Matières recyclables","secteur":"Est"},
{"date":"2012-01-18","mm":1,"jj":18,"mois":"janvier","jour":"mercredi","collecte":"MC, MR","description":"Matières compostables, Matières recyclables","secteur":"Est"},
{"date":"2012-01-19","mm":1,"jj":19,"mois":"janvier","jour":"jeudi","collecte":"MC, MR","description":"Matières compostables, Matières recyclables","secteur":"Est"},
{"date":"2012-01-20","mm":1,"jj":20,"mois":"janvier","jour":"vendredi","collecte":"MC, MR","description":"Matières compostables, Matières recyclables","secteur":"Est"},
{"date":"2012-01-23","mm":1,"jj":23,"mois":"janvier","jour":"lundi","collecte":"MC, OM","description":"Matières compostables, Ordures ménagères","secteur":"Est"},
{"date":"2012-01-24","mm":1,"jj":24,"mois":"janvier","jour":"mardi","collecte":"MC, OM","description":"Matières compostables, Ordures ménagères","secteur":"Est"},
{"date":"2012-01-25","mm":1,"jj":25,"mois":"janvier","jour":"mercredi","collecte":"MC, OM","description":"Matières compostables, Ordures ménagères","secteur":"Est"},
{"date":"2012-01-26","mm":1,"jj":26,"mois":"janvier","jour":"jeudi","collecte":"MC, OM","description":"Matières compostables, Ordures ménagères","secteur":"Est"},
{"date":"2012-01-27","mm":1,"jj":27,"mois":"janvier","jour":"vendredi","collecte":"MC, OM","description":"Matières compostables, Ordures ménagères","secteur":"Est"},
{"date":"2012-01-30","mm":1,"jj":30,"mois":"janvier","jour":"lundi","collecte":"MC, MR","description":"Matières compostables, Matières recyclables","secteur":"Est"},
{"date":"2012-01-31","mm":1,"jj":31,"mois":"janvier","jour":"mardi","collecte":"MC, MR","description":"Matières compostables, Matières recyclables","secteur":"Est"},
{"date":"2012-02-01","mm":2,"jj":1,"mois":"février","jour":"mercredi","collecte":"MC, MR","description":"Matières compostables, Matières recyclables","secteur":"Est"},
{"date":"2012-02-02","mm":2,"jj":2,"mois":"février","jour":"jeudi","collecte":"MC, MR","description":"Matières compostables, Matières recyclables","secteur":"Est"},
{"date":"2012-02-03","mm":2,"jj":3,"mois":"février","jour":"vendredi","collecte":"MC, MR","description":"Matières compostables, Matières recyclables","secteur":"Est"},
{"date":"2012-02-06","mm":2,"jj":6,"mois":"février","jour":"lundi","collecte":"MC, OM","description":"Matières compostables, Ordures ménagères","secteur":"Est"},
{"date":"2012-02-07","mm":2,"jj":7,"mois":"février","jour":"mardi","collecte":"MC, OM","description":"Matières compostables, Ordures ménagères","secteur":"Est"},
{"date":"2012-02-08","mm":2,"jj":8,"mois":"février","jour":"mercredi","collecte":"MC, OM","description":"Matières compostables, Ordures ménagères","secteur":"Est"},
{"date":"2012-02-09","mm":2,"jj":9,"mois":"février","jour":"jeudi","collecte":"MC, OM","description":"Matières compostables, Ordures ménagères","secteur":"Est"},
{"date":"2012-02-10","mm":2,"jj":10,"mois":"février","jour":"vendredi","collecte":"MC, OM","description":"Matières compostables, Ordures ménagères","secteur":"Est"},
{"date":"2012-02-13","mm":2,"jj":13,"mois":"février","jour":"lundi","collecte":"MC, MR","description":"Matières compostables, Matières recyclables","secteur":"Est"},
{"date":"2012-02-14","mm":2,"jj":14,"mois":"février","jour":"mardi","collecte":"MC, MR","description":"Matières compostables, Matières recyclables","secteur":"Est"},
{"date":"2012-02-15","mm":2,"jj":15,"mois":"février","jour":"mercredi","collecte":"MC, MR","description":"Matières compostables, Matières recyclables","secteur":"Est"},
{"date":"2012-02-16","mm":2,"jj":16,"mois":"février","jour":"jeudi","collecte":"MC, MR","description":"Matières compostables, Matières recyclables","secteur":"Est"},
{"date":"2012-02-17","mm":2,"jj":17,"mois":"février","jour":"vendredi","collecte":"MC, MR","description":"Matières compostables, Matières recyclables","secteur":"Est"},
{"date":"2012-02-20","mm":2,"jj":20,"mois":"février","jour":"lundi","collecte":"MC, OM","description":"Matières compostables, Ordures ménagères","secteur":"Est"},
{"date":"2012-02-21","mm":2,"jj":21,"mois":"février","jour":"mardi","collecte":"MC, OM","description":"Matières compostables, Ordures ménagères","secteur":"Est"},
{"date":"2012-02-22","mm":2,"jj":22,"mois":"février","jour":"mercredi","collecte":"MC, OM","description":"Matières compostables, Ordures ménagères","secteur":"Est"},
{"date":"2012-02-23","mm":2,"jj":23,"mois":"février","jour":"jeudi","collecte":"MC, OM","description":"Matières compostables, Ordures ménagères","secteur":"Est"},
{"date":"2012-02-24","mm":2,"jj":24,"mois":"février","jour":"vendredi","collecte":"MC, OM","description":"Matières compostables, Ordures ménagères","secteur":"Est"},
{"date":"2012-02-27","mm":2,"jj":27,"mois":"février","jour":"lundi","collecte":"MC, MR","description":"Matières compostables, Matières recyclables","secteur":"Est"},
{"date":"2012-02-28","mm":2,"jj":28,"mois":"février","jour":"mardi","collecte":"MC, MR","description":"Matières compostables, Matières recyclables","secteur":"Est"},
{"date":"2012-02-29","mm":2,"jj":29,"mois":"février","jour":"mercredi","collecte":"MC, MR","description":"Matières compostables, Matières recyclables","secteur":"Est"},
{"date":"2012-03-01","mm":3,"jj":1,"mois":"mars","jour":"jeudi","collecte":"MC, MR","description":"Matières compostables, Matières recyclables","secteur":"Est"},
{"date":"2012-03-02","mm":3,"jj":2,"mois":"mars","jour":"vendredi","collecte":"MC, MR","description":"Matières compostables, Matières recyclables","secteur":"Est"},
{"date":"2012-03-05","mm":3,"jj":5,"mois":"mars","jour":"lundi","collecte":"MC, OM","description":"Matières compostables, Ordures ménagères","secteur":"Est"},
{"date":"2012-03-06","mm":3,"jj":6,"mois":"mars","jour":"mardi","collecte":"MC, OM","description":"Matières compostables, Ordures ménagères","secteur":"Est"},
{"date":"2012-03-07","mm":3,"jj":7,"mois":"mars","jour":"mercredi","collecte":"MC, OM","description":"Matières compostables, Ordures ménagères","secteur":"Est"},
{"date":"2012-03-08","mm":3,"jj":8,"mois":"mars","jour":"jeudi","collecte":"MC, OM","description":"Matières compostables, Ordures ménagères","secteur":"Est"},
{"date":"2012-03-09","mm":3,"jj":9,"mois":"mars","jour":"vendredi","collecte":"MC, OM","description":"Matières compostables, Ordures ménagères","secteur":"Est"},
{"date":"2012-03-12","mm":3,"jj":12,"mois":"mars","jour":"lundi","collecte":"MC, MR","description":"Matières compostables, Matières recyclables","secteur":"Est"},
{"date":"2012-03-13","mm":3,"jj":13,"mois":"mars","jour":"mardi","collecte":"MC, MR","description":"Matières compostables, Matières recyclables","secteur":"Est"},
{"date":"2012-03-14","mm":3,"jj":14,"mois":"mars","jour":"mercredi","collecte":"MC, MR","description":"Matières compostables, Matières recyclables","secteur":"Est"},
{"date":"2012-03-15","mm":3,"jj":15,"mois":"mars","jour":"jeudi","collecte":"MC, MR","description":"Matières compostables, Matières recyclables","secteur":"Est"},
{"date":"2012-03-16","mm":3,"jj":16,"mois":"mars","jour":"vendredi","collecte":"MC, MR","description":"Matières compostables, Matières recyclables","secteur":"Est"},
{"date":"2012-03-19","mm":3,"jj":19,"mois":"mars","jour":"lundi","collecte":"MC, OM","description":"Matières compostables, Ordures ménagères","secteur":"Est"},
{"date":"2012-03-20","mm":3,"jj":20,"mois":"mars","jour":"mardi","collecte":"MC, OM","description":"Matières compostables, Ordures ménagères","secteur":"Est"},
{"date":"2012-03-21","mm":3,"jj":21,"mois":"mars","jour":"mercredi","collecte":"MC, OM","description":"Matières compostables, Ordures ménagères","secteur":"Est"},
{"date":"2012-03-22","mm":3,"jj":22,"mois":"mars","jour":"jeudi","collecte":"MC, OM","description":"Matières compostables, Ordures ménagères","secteur":"Est"},
{"date":"2012-03-23","mm":3,"jj":23,"mois":"mars","jour":"vendredi","collecte":"MC, OM","description":"Matières compostables, Ordures ménagères","secteur":"Est"},
{"date":"2012-03-26","mm":3,"jj":26,"mois":"mars","jour":"lundi","collecte":"MC, MR","description":"Matières compostables, Matières recyclables","secteur":"Est"},
{"date":"2012-03-27","mm":3,"jj":27,"mois":"mars","jour":"mardi","collecte":"MC, MR","description":"Matières compostables, Matières recyclables","secteur":"Est"},
{"date":"2012-03-28","mm":3,"jj":28,"mois":"mars","jour":"mercredi","collecte":"MC, MR","description":"Matières compostables, Matières recyclables","secteur":"Est"},
{"date":"2012-03-29","mm":3,"jj":29,"mois":"mars","jour":"jeudi","collecte":"MC, MR","description":"Matières compostables, Matières recyclables","secteur":"Est"},
{"date":"2012-03-30","mm":3,"jj":30,"mois":"mars","jour":"vendredi","collecte":"MC, MR","description":"Matières compostables, Matières recyclables","secteur":"Est"},
{"date":"2012-04-02","mm":4,"jj":2,"mois":"avril","jour":"lundi","collecte":"MC, OM","description":"Matières compostables, Ordures ménagères","secteur":"Est"},
{"date":"2012-04-03","mm":4,"jj":3,"mois":"avril","jour":"mardi","collecte":"MC, OM","description":"Matières compostables, Ordures ménagères","secteur":"Est"},
{"date":"2012-04-04","mm":4,"jj":4,"mois":"avril","jour":"mercredi","collecte":"MC, OM","description":"Matières compostables, Ordures ménagères","secteur":"Est"},
{"date":"2012-04-05","mm":4,"jj":5,"mois":"avril","jour":"jeudi","collecte":"MC, OM","description":"Matières compostables, Ordures ménagères","secteur":"Est"},
{"date":"2012-04-06","mm":4,"jj":6,"mois":"avril","jour":"vendredi","collecte":"MC, OM","description":"Matières compostables, Ordures ménagères","secteur":"Est"},
{"date":"2012-04-09","mm":4,"jj":9,"mois":"avril","jour":"lundi","collecte":"MC, MR","description":"Matières compostables, Matières recyclables","secteur":"Est"},
{"date":"2012-04-10","mm":4,"jj":10,"mois":"avril","jour":"mardi","collecte":"MC, MR","description":"Matières compostables, Matières recyclables","secteur":"Est"},
{"date":"2012-04-11","mm":4,"jj":11,"mois":"avril","jour":"mercredi","collecte":"MC, MR","description":"Matières compostables, Matières recyclables","secteur":"Est"},
{"date":"2012-04-12","mm":4,"jj":12,"mois":"avril","jour":"jeudi","collecte":"MC, MR","description":"Matières compostables, Matières recyclables","secteur":"Est"},
{"date":"2012-04-13","mm":4,"jj":13,"mois":"avril","jour":"vendredi","collecte":"MC, MR","description":"Matières compostables, Matières recyclables","secteur":"Est"},
{"date":"2012-04-16","mm":4,"jj":16,"mois":"avril","jour":"lundi","collecte":"MC, OM","description":"Matières compostables, Ordures ménagères","secteur":"Est"},
{"date":"2012-04-17","mm":4,"jj":17,"mois":"avril","jour":"mardi","collecte":"MC, OM","description":"Matières compostables, Ordures ménagères","secteur":"Est"},
{"date":"2012-04-18","mm":4,"jj":18,"mois":"avril","jour":"mercredi","collecte":"MC, OM","description":"Matières compostables, Ordures ménagères","secteur":"Est"},
{"date":"2012-04-19","mm":4,"jj":19,"mois":"avril","jour":"jeudi","collecte":"MC, OM","description":"Matières compostables, Ordures ménagères","secteur":"Est"},
{"date":"2012-04-20","mm":4,"jj":20,"mois":"avril","jour":"vendredi","collecte":"MC, OM","description":"Matières compostables, Ordures ménagères","secteur":"Est"},
{"date":"2012-04-23","mm":4,"jj":23,"mois":"avril","jour":"lundi","collecte":"MC, MR","description":"Matières compostables, Matières recyclables","secteur":"Est"},
{"date":"2012-04-24","mm":4,"jj":24,"mois":"avril","jour":"mardi","collecte":"MC, MR","description":"Matières compostables, Matières recyclables","secteur":"Est"},
{"date":"2012-04-25","mm":4,"jj":25,"mois":"avril","jour":"mercredi","collecte":"MC, MR","description":"Matières compostables, Matières recyclables","secteur":"Est"},
{"date":"2012-04-26","mm":4,"jj":26,"mois":"avril","jour":"jeudi","collecte":"MC, MR","description":"Matières compostables, Matières recyclables","secteur":"Est"},
{"date":"2012-04-27","mm":4,"jj":27,"mois":"avril","jour":"vendredi","collecte":"MC, MR","description":"Matières compostables, Matières recyclables","secteur":"Est"},
{"date":"2012-04-30","mm":4,"jj":30,"mois":"avril","jour":"lundi","collecte":"MC, OM","description":"Matières compostables, Ordures ménagères","secteur":"Est"},
{"date":"2012-05-01","mm":5,"jj":1,"mois":"mai","jour":"mardi","collecte":"MC, OM","description":"Matières compostables, Ordures ménagères","secteur":"Est"},
{"date":"2012-05-02","mm":5,"jj":2,"mois":"mai","jour":"mercredi","collecte":"MC, OM","description":"Matières compostables, Ordures ménagères","secteur":"Est"},
{"date":"2012-05-03","mm":5,"jj":3,"mois":"mai","jour":"jeudi","collecte":"MC, OM","description":"Matières compostables, Ordures ménagères","secteur":"Est"},
{"date":"2012-05-04","mm":5,"jj":4,"mois":"mai","jour":"vendredi","collecte":"MC, OM","description":"Matières compostables, Ordures ménagères","secteur":"Est"},
{"date":"2012-05-07","mm":5,"jj":7,"mois":"mai","jour":"lundi","collecte":"MC, MR","description":"Matières compostables, Matières recyclables","secteur":"Est"},
{"date":"2012-05-08","mm":5,"jj":8,"mois":"mai","jour":"mardi","collecte":"MC, MR","description":"Matières compostables, Matières recyclables","secteur":"Est"},
{"date":"2012-05-09","mm":5,"jj":9,"mois":"mai","jour":"mercredi","collecte":"MC, MR","description":"Matières compostables, Matières recyclables","secteur":"Est"},
{"date":"2012-05-10","mm":5,"jj":10,"mois":"mai","jour":"jeudi","collecte":"MC, MR","description":"Matières compostables, Matières recyclables","secteur":"Est"},
{"date":"2012-05-11","mm":5,"jj":11,"mois":"mai","jour":"vendredi","collecte":"MC, MR","description":"Matières compostables, Matières recyclables","secteur":"Est"},
{"date":"2012-05-14","mm":5,"jj":14,"mois":"mai","jour":"lundi","collecte":"MC, OM","description":"Matières compostables, Ordures ménagères","secteur":"Est"},
{"date":"2012-05-15","mm":5,"jj":15,"mois":"mai","jour":"mardi","collecte":"MC, OM","description":"Matières compostables, Ordures ménagères","secteur":"Est"},
{"date":"2012-05-16","mm":5,"jj":16,"mois":"mai","jour":"mercredi","collecte":"MC, OM","description":"Matières compostables, Ordures ménagères","secteur":"Est"},
{"date":"2012-05-17","mm":5,"jj":17,"mois":"mai","jour":"jeudi","collecte":"MC, OM","description":"Matières compostables, Ordures ménagères","secteur":"Est"},
{"date":"2012-05-18","mm":5,"jj":18,"mois":"mai","jour":"vendredi","collecte":"MC, OM","description":"Matières compostables, Ordures ménagères","secteur":"Est"},
{"date":"2012-05-21","mm":5,"jj":21,"mois":"mai","jour":"lundi","collecte":"MC, MR","description":"Matières compostables, Matières recyclables","secteur":"Est"},
{"date":"2012-05-22","mm":5,"jj":22,"mois":"mai","jour":"mardi","collecte":"MC, MR","description":"Matières compostables, Matières recyclables","secteur":"Est"},
{"date":"2012-05-23","mm":5,"jj":23,"mois":"mai","jour":"mercredi","collecte":"MC, MR","description":"Matières compostables, Matières recyclables","secteur":"Est"},
{"date":"2012-05-24","mm":5,"jj":24,"mois":"mai","jour":"jeudi","collecte":"MC, MR","description":"Matières compostables, Matières recyclables","secteur":"Est"},
{"date":"2012-05-25","mm":5,"jj":25,"mois":"mai","jour":"vendredi","collecte":"MC, MR","description":"Matières compostables, Matières recyclables","secteur":"Est"},
{"date":"2012-05-28","mm":5,"jj":28,"mois":"mai","jour":"lundi","collecte":"MC, OM","description":"Matières compostables, Ordures ménagères","secteur":"Est"},
{"date":"2012-05-29","mm":5,"jj":29,"mois":"mai","jour":"mardi","collecte":"MC, OM","description":"Matières compostables, Ordures ménagères","secteur":"Est"},
{"date":"2012-05-30","mm":5,"jj":30,"mois":"mai","jour":"mercredi","collecte":"MC, OM","description":"Matières compostables, Ordures ménagères","secteur":"Est"},
{"date":"2012-05-31","mm":5,"jj":31,"mois":"mai","jour":"jeudi","collecte":"MC, OM","description":"Matières compostables, Ordures ménagères","secteur":"Est"},
{"date":"2012-06-01","mm":6,"jj":1,"mois":"juin","jour":"vendredi","collecte":"MC, OM","description":"Matières compostables, Ordures ménagères","secteur":"Est"},
{"date":"2012-06-04","mm":6,"jj":4,"mois":"juin","jour":"lundi","collecte":"MC, MR","description":"Matières compostables, Matières recyclables","secteur":"Est"},
{"date":"2012-06-05","mm":6,"jj":5,"mois":"juin","jour":"mardi","collecte":"MC, MR","description":"Matières compostables, Matières recyclables","secteur":"Est"},
{"date":"2012-06-06","mm":6,"jj":6,"mois":"juin","jour":"mercredi","collecte":"MC, MR","description":"Matières compostables, Matières recyclables","secteur":"Est"},
{"date":"2012-06-07","mm":6,"jj":7,"mois":"juin","jour":"jeudi","collecte":"MC, MR","description":"Matières compostables, Matières recyclables","secteur":"Est"},
{"date":"2012-06-08","mm":6,"jj":8,"mois":"juin","jour":"vendredi","collecte":"MC, MR","description":"Matières compostables, Matières recyclables","secteur":"Est"},
{"date":"2012-06-11","mm":6,"jj":11,"mois":"juin","jour":"lundi","collecte":"MC, OM","description":"Matières compostables, Ordures ménagères","secteur":"Est"},
{"date":"2012-06-12","mm":6,"jj":12,"mois":"juin","jour":"mardi","collecte":"MC, OM","description":"Matières compostables, Ordures ménagères","secteur":"Est"},
{"date":"2012-06-13","mm":6,"jj":13,"mois":"juin","jour":"mercredi","collecte":"MC, OM","description":"Matières compostables, Ordures ménagères","secteur":"Est"},
{"date":"2012-06-14","mm":6,"jj":14,"mois":"juin","jour":"jeudi","collecte":"MC, OM","description":"Matières compostables, Ordures ménagères","secteur":"Est"},
{"date":"2012-06-15","mm":6,"jj":15,"mois":"juin","jour":"vendredi","collecte":"MC, OM","description":"Matières compostables, Ordures ménagères","secteur":"Est"},
{"date":"2012-06-18","mm":6,"jj":18,"mois":"juin","jour":"lundi","collecte":"MC, MR","description":"Matières compostables, Matières recyclables","secteur":"Est"},
{"date":"2012-06-19","mm":6,"jj":19,"mois":"juin","jour":"mardi","collecte":"MC, MR","description":"Matières compostables, Matières recyclables","secteur":"Est"},
{"date":"2012-06-20","mm":6,"jj":20,"mois":"juin","jour":"mercredi","collecte":"MC, MR","description":"Matières compostables, Matières recyclables","secteur":"Est"},
{"date":"2012-06-21","mm":6,"jj":21,"mois":"juin","jour":"jeudi","collecte":"MC, MR","description":"Matières compostables, Matières recyclables","secteur":"Est"},
{"date":"2012-06-22","mm":6,"jj":22,"mois":"juin","jour":"vendredi","collecte":"MC, MR","description":"Matières compostables, Matières recyclables","secteur":"Est"},
{"date":"2012-06-25","mm":6,"jj":25,"mois":"juin","jour":"lundi","collecte":"MC, OM","description":"Matières compostables, Ordures ménagères","secteur":"Est"},
{"date":"2012-06-26","mm":6,"jj":26,"mois":"juin","jour":"mardi","collecte":"MC, OM","description":"Matières compostables, Ordures ménagères","secteur":"Est"},
{"date":"2012-06-27","mm":6,"jj":27,"mois":"juin","jour":"mercredi","collecte":"MC, OM","description":"Matières compostables, Ordures ménagères","secteur":"Est"},
{"date":"2012-06-28","mm":6,"jj":28,"mois":"juin","jour":"jeudi","collecte":"MC, OM","description":"Matières compostables, Ordures ménagères","secteur":"Est"},
{"date":"2012-06-29","mm":6,"jj":29,"mois":"juin","jour":"vendredi","collecte":"MC, OM","description":"Matières compostables, Ordures ménagères","secteur":"Est"},
{"date":"2012-07-02","mm":7,"jj":2,"mois":"juillet","jour":"lundi","collecte":"MC, MR","description":"Matières compostables, Matières recyclables","secteur":"Est"},
{"date":"2012-07-03","mm":7,"jj":3,"mois":"juillet","jour":"mardi","collecte":"MC, MR","description":"Matières compostables, Matières recyclables","secteur":"Est"},
{"date":"2012-07-04","mm":7,"jj":4,"mois":"juillet","jour":"mercredi","collecte":"MC, MR","description":"Matières compostables, Matières recyclables","secteur":"Est"},
{"date":"2012-07-05","mm":7,"jj":5,"mois":"juillet","jour":"jeudi","collecte":"MC, MR","description":"Matières compostables, Matières recyclables","secteur":"Est"},
{"date":"2012-07-06","mm":7,"jj":6,"mois":"juillet","jour":"vendredi","collecte":"MC, MR","description":"Matières compostables, Matières recyclables","secteur":"Est"},
{"date":"2012-07-09","mm":7,"jj":9,"mois":"juillet","jour":"lundi","collecte":"MC, OM","description":"Matières compostables, Ordures ménagères","secteur":"Est"},
{"date":"2012-07-10","mm":7,"jj":10,"mois":"juillet","jour":"mardi","collecte":"MC, OM","description":"Matières compostables, Ordures ménagères","secteur":"Est"},
{"date":"2012-07-11","mm":7,"jj":11,"mois":"juillet","jour":"mercredi","collecte":"MC, OM","description":"Matières compostables, Ordures ménagères","secteur":"Est"},
{"date":"2012-07-12","mm":7,"jj":12,"mois":"juillet","jour":"jeudi","collecte":"MC, OM","description":"Matières compostables, Ordures ménagères","secteur":"Est"},
{"date":"2012-07-13","mm":7,"jj":13,"mois":"juillet","jour":"vendredi","collecte":"MC, OM","description":"Matières compostables, Ordures ménagères","secteur":"Est"},
{"date":"2012-07-16","mm":7,"jj":16,"mois":"juillet","jour":"lundi","collecte":"MC, MR","description":"Matières compostables, Matières recyclables","secteur":"Est"},
{"date":"2012-07-17","mm":7,"jj":17,"mois":"juillet","jour":"mardi","collecte":"MC, MR","description":"Matières compostables, Matières recyclables","secteur":"Est"},
{"date":"2012-07-18","mm":7,"jj":18,"mois":"juillet","jour":"mercredi","collecte":"MC, MR","description":"Matières compostables, Matières recyclables","secteur":"Est"},
{"date":"2012-07-19","mm":7,"jj":19,"mois":"juillet","jour":"jeudi","collecte":"MC, MR","description":"Matières compostables, Matières recyclables","secteur":"Est"},
{"date":"2012-07-20","mm":7,"jj":20,"mois":"juillet","jour":"vendredi","collecte":"MC, MR","description":"Matières compostables, Matières recyclables","secteur":"Est"},
{"date":"2012-07-23","mm":7,"jj":23,"mois":"juillet","jour":"lundi","collecte":"MC, OM","description":"Matières compostables, Ordures ménagères","secteur":"Est"},
{"date":"2012-07-24","mm":7,"jj":24,"mois":"juillet","jour":"mardi","collecte":"MC, OM","description":"Matières compostables, Ordures ménagères","secteur":"Est"},
{"date":"2012-07-25","mm":7,"jj":25,"mois":"juillet","jour":"mercredi","collecte":"MC, OM","description":"Matières compostables, Ordures ménagères","secteur":"Est"},
{"date":"2012-07-26","mm":7,"jj":26,"mois":"juillet","jour":"jeudi","collecte":"MC, OM","description":"Matières compostables, Ordures ménagères","secteur":"Est"},
{"date":"2012-07-27","mm":7,"jj":27,"mois":"juillet","jour":"vendredi","collecte":"MC, OM","description":"Matières compostables, Ordures ménagères","secteur":"Est"},
{"date":"2012-07-30","mm":7,"jj":30,"mois":"juillet","jour":"lundi","collecte":"MC, MR","description":"Matières compostables, Matières recyclables","secteur":"Est"},
{"date":"2012-07-31","mm":7,"jj":31,"mois":"juillet","jour":"mardi","collecte":"MC, MR","description":"Matières compostables, Matières recyclables","secteur":"Est"},
{"date":"2012-08-01","mm":8,"jj":1,"mois":"août","jour":"mercredi","collecte":"MC, MR","description":"Matières compostables, Matières recyclables","secteur":"Est"},
{"date":"2012-08-02","mm":8,"jj":2,"mois":"août","jour":"jeudi","collecte":"MC, MR","description":"Matières compostables, Matières recyclables","secteur":"Est"},
{"date":"2012-08-03","mm":8,"jj":3,"mois":"août","jour":"vendredi","collecte":"MC, MR","description":"Matières compostables, Matières recyclables","secteur":"Est"},
{"date":"2012-08-06","mm":8,"jj":6,"mois":"août","jour":"lundi","collecte":"MC, OM","description":"Matières compostables, Ordures ménagères","secteur":"Est"},
{"date":"2012-08-07","mm":8,"jj":7,"mois":"août","jour":"mardi","collecte":"MC, OM","description":"Matières compostables, Ordures ménagères","secteur":"Est"},
{"date":"2012-08-08","mm":8,"jj":8,"mois":"août","jour":"mercredi","collecte":"MC, OM","description":"Matières compostables, Ordures ménagères","secteur":"Est"},
{"date":"2012-08-09","mm":8,"jj":9,"mois":"août","jour":"jeudi","collecte":"MC, OM","description":"Matières compostables, Ordures ménagères","secteur":"Est"},
{"date":"2012-08-10","mm":8,"jj":10,"mois":"août","jour":"vendredi","collecte":"MC, OM","description":"Matières compostables, Ordures ménagères","secteur":"Est"},
{"date":"2012-08-13","mm":8,"jj":13,"mois":"août","jour":"lundi","collecte":"MC, MR","description":"Matières compostables, Matières recyclables","secteur":"Est"},
{"date":"2012-08-14","mm":8,"jj":14,"mois":"août","jour":"mardi","collecte":"MC, MR","description":"Matières compostables, Matières recyclables","secteur":"Est"},
{"date":"2012-08-15","mm":8,"jj":15,"mois":"août","jour":"mercredi","collecte":"MC, MR","description":"Matières compostables, Matières recyclables","secteur":"Est"},
{"date":"2012-08-16","mm":8,"jj":16,"mois":"août","jour":"jeudi","collecte":"MC, MR","description":"Matières compostables, Matières recyclables","secteur":"Est"},
{"date":"2012-08-17","mm":8,"jj":17,"mois":"août","jour":"vendredi","collecte":"MC, MR","description":"Matières compostables, Matières recyclables","secteur":"Est"},
{"date":"2012-08-20","mm":8,"jj":20,"mois":"août","jour":"lundi","collecte":"MC, OM","description":"Matières compostables, Ordures ménagères","secteur":"Est"},
{"date":"2012-08-21","mm":8,"jj":21,"mois":"août","jour":"mardi","collecte":"MC, OM","description":"Matières compostables, Ordures ménagères","secteur":"Est"},
{"date":"2012-08-22","mm":8,"jj":22,"mois":"août","jour":"mercredi","collecte":"MC, OM","description":"Matières compostables, Ordures ménagères","secteur":"Est"},
{"date":"2012-08-23","mm":8,"jj":23,"mois":"août","jour":"jeudi","collecte":"MC, OM","description":"Matières compostables, Ordures ménagères","secteur":"Est"},
{"date":"2012-08-24","mm":8,"jj":24,"mois":"août","jour":"vendredi","collecte":"MC, OM","description":"Matières compostables, Ordures ménagères","secteur":"Est"},
{"date":"2012-08-27","mm":8,"jj":27,"mois":"août","jour":"lundi","collecte":"MC, MR","description":"Matières compostables, Matières recyclables","secteur":"Est"},
{"date":"2012-08-28","mm":8,"jj":28,"mois":"août","jour":"mardi","collecte":"MC, MR","description":"Matières compostables, Matières recyclables","secteur":"Est"},
{"date":"2012-08-29","mm":8,"jj":29,"mois":"août","jour":"mercredi","collecte":"MC, MR","description":"Matières compostables, Matières recyclables","secteur":"Est"},
{"date":"2012-08-30","mm":8,"jj":30,"mois":"août","jour":"jeudi","collecte":"MC, MR","description":"Matières compostables, Matières recyclables","secteur":"Est"},
{"date":"2012-08-31","mm":8,"jj":31,"mois":"août","jour":"vendredi","collecte":"MC, MR","description":"Matières compostables, Matières recyclables","secteur":"Est"},
{"date":"2012-09-03","mm":9,"jj":3,"mois":"septembre","jour":"lundi","collecte":"MC, OM","description":"Matières compostables, Ordures ménagères","secteur":"Est"},
{"date":"2012-09-04","mm":9,"jj":4,"mois":"septembre","jour":"mardi","collecte":"MC, OM","description":"Matières compostables, Ordures ménagères","secteur":"Est"},
{"date":"2012-09-05","mm":9,"jj":5,"mois":"septembre","jour":"mercredi","collecte":"MC, OM","description":"Matières compostables, Ordures ménagères","secteur":"Est"},
{"date":"2012-09-06","mm":9,"jj":6,"mois":"septembre","jour":"jeudi","collecte":"MC, OM","description":"Matières compostables, Ordures ménagères","secteur":"Est"},
{"date":"2012-09-07","mm":9,"jj":7,"mois":"septembre","jour":"vendredi","collecte":"MC, OM","description":"Matières compostables, Ordures ménagères","secteur":"Est"},
{"date":"2012-09-10","mm":9,"jj":10,"mois":"septembre","jour":"lundi","collecte":"MC, MR","description":"Matières compostables, Matières recyclables","secteur":"Est"},
{"date":"2012-09-11","mm":9,"jj":11,"mois":"septembre","jour":"mardi","collecte":"MC, MR","description":"Matières compostables, Matières recyclables","secteur":"Est"},
{"date":"2012-09-12","mm":9,"jj":12,"mois":"septembre","jour":"mercredi","collecte":"MC, MR","description":"Matières compostables, Matières recyclables","secteur":"Est"},
{"date":"2012-09-13","mm":9,"jj":13,"mois":"septembre","jour":"jeudi","collecte":"MC, MR","description":"Matières compostables, Matières recyclables","secteur":"Est"},
{"date":"2012-09-14","mm":9,"jj":14,"mois":"septembre","jour":"vendredi","collecte":"MC, MR","description":"Matières compostables, Matières recyclables","secteur":"Est"},
{"date":"2012-09-17","mm":9,"jj":17,"mois":"septembre","jour":"lundi","collecte":"MC, OM","description":"Matières compostables, Ordures ménagères","secteur":"Est"},
{"date":"2012-09-18","mm":9,"jj":18,"mois":"septembre","jour":"mardi","collecte":"MC, OM","description":"Matières compostables, Ordures ménagères","secteur":"Est"},
{"date":"2012-09-19","mm":9,"jj":19,"mois":"septembre","jour":"mercredi","collecte":"MC, OM","description":"Matières compostables, Ordures ménagères","secteur":"Est"},
{"date":"2012-09-20","mm":9,"jj":20,"mois":"septembre","jour":"jeudi","collecte":"MC, OM","description":"Matières compostables, Ordures ménagères","secteur":"Est"},
{"date":"2012-09-21","mm":9,"jj":21,"mois":"septembre","jour":"vendredi","collecte":"MC, OM","description":"Matières compostables, Ordures ménagères","secteur":"Est"},
{"date":"2012-09-24","mm":9,"jj":24,"mois":"septembre","jour":"lundi","collecte":"MC, MR","description":"Matières compostables, Matières recyclables","secteur":"Est"},
{"date":"2012-09-25","mm":9,"jj":25,"mois":"septembre","jour":"mardi","collecte":"MC, MR","description":"Matières compostables, Matières recyclables","secteur":"Est"},
{"date":"2012-09-26","mm":9,"jj":26,"mois":"septembre","jour":"mercredi","collecte":"MC, MR","description":"Matières compostables, Matières recyclables","secteur":"Est"},
{"date":"2012-09-27","mm":9,"jj":27,"mois":"septembre","jour":"jeudi","collecte":"MC, MR","description":"Matières compostables, Matières recyclables","secteur":"Est"},
{"date":"2012-09-28","mm":9,"jj":28,"mois":"septembre","jour":"vendredi","collecte":"MC, MR","description":"Matières compostables, Matières recyclables","secteur":"Est"},
{"date":"2012-10-01","mm":10,"jj":1,"mois":"octobre","jour":"lundi","collecte":"MC, OM","description":"Matières compostables, Ordures ménagères","secteur":"Est"},
{"date":"2012-10-02","mm":10,"jj":2,"mois":"octobre","jour":"mardi","collecte":"MC, OM","description":"Matières compostables, Ordures ménagères","secteur":"Est"},
{"date":"2012-10-03","mm":10,"jj":3,"mois":"octobre","jour":"mercredi","collecte":"MC, OM","description":"Matières compostables, Ordures ménagères","secteur":"Est"},
{"date":"2012-10-04","mm":10,"jj":4,"mois":"octobre","jour":"jeudi","collecte":"MC, OM","description":"Matières compostables, Ordures ménagères","secteur":"Est"},
{"date":"2012-10-05","mm":10,"jj":5,"mois":"octobre","jour":"vendredi","collecte":"MC, OM","description":"Matières compostables, Ordures ménagères","secteur":"Est"},
{"date":"2012-10-08","mm":10,"jj":8,"mois":"octobre","jour":"lundi","collecte":"MC, MR","description":"Matières compostables, Matières recyclables","secteur":"Est"},
{"date":"2012-10-09","mm":10,"jj":9,"mois":"octobre","jour":"mardi","collecte":"MC, MR","description":"Matières compostables, Matières recyclables","secteur":"Est"},
{"date":"2012-10-10","mm":10,"jj":10,"mois":"octobre","jour":"mercredi","collecte":"MC, MR","description":"Matières compostables, Matières recyclables","secteur":"Est"},
{"date":"2012-10-11","mm":10,"jj":11,"mois":"octobre","jour":"jeudi","collecte":"MC, MR","description":"Matières compostables, Matières recyclables","secteur":"Est"},
{"date":"2012-10-12","mm":10,"jj":12,"mois":"octobre","jour":"vendredi","collecte":"MC, MR","description":"Matières compostables, Matières recyclables","secteur":"Est"},
{"date":"2012-10-15","mm":10,"jj":15,"mois":"octobre","jour":"lundi","collecte":"MC, OM","description":"Matières compostables, Ordures ménagères","secteur":"Est"},
{"date":"2012-10-16","mm":10,"jj":16,"mois":"octobre","jour":"mardi","collecte":"MC, OM","description":"Matières compostables, Ordures ménagères","secteur":"Est"},
{"date":"2012-10-17","mm":10,"jj":17,"mois":"octobre","jour":"mercredi","collecte":"MC, OM","description":"Matières compostables, Ordures ménagères","secteur":"Est"},
{"date":"2012-10-18","mm":10,"jj":18,"mois":"octobre","jour":"jeudi","collecte":"MC, OM","description":"Matières compostables, Ordures ménagères","secteur":"Est"},
{"date":"2012-10-19","mm":10,"jj":19,"mois":"octobre","jour":"vendredi","collecte":"MC, OM","description":"Matières compostables, Ordures ménagères","secteur":"Est"},
{"date":"2012-10-22","mm":10,"jj":22,"mois":"octobre","jour":"lundi","collecte":"MC, MR","description":"Matières compostables, Matières recyclables","secteur":"Est"},
{"date":"2012-10-23","mm":10,"jj":23,"mois":"octobre","jour":"mardi","collecte":"MC, MR","description":"Matières compostables, Matières recyclables","secteur":"Est"},
{"date":"2012-10-24","mm":10,"jj":24,"mois":"octobre","jour":"mercredi","collecte":"MC, MR","description":"Matières compostables, Matières recyclables","secteur":"Est"},
{"date":"2012-10-25","mm":10,"jj":25,"mois":"octobre","jour":"jeudi","collecte":"MC, MR","description":"Matières compostables, Matières recyclables","secteur":"Est"},
{"date":"2012-10-26","mm":10,"jj":26,"mois":"octobre","jour":"vendredi","collecte":"MC, MR","description":"Matières compostables, Matières recyclables","secteur":"Est"},
{"date":"2012-10-29","mm":10,"jj":29,"mois":"octobre","jour":"lundi","collecte":"MC, OM","description":"Matières compostables, Ordures ménagères","secteur":"Est"},
{"date":"2012-10-30","mm":10,"jj":30,"mois":"octobre","jour":"mardi","collecte":"MC, OM","description":"Matières compostables, Ordures ménagères","secteur":"Est"},
{"date":"2012-10-31","mm":10,"jj":31,"mois":"octobre","jour":"mercredi","collecte":"MC, OM","description":"Matières compostables, Ordures ménagères","secteur":"Est"},
{"date":"2012-11-01","mm":11,"jj":1,"mois":"novembre","jour":"jeudi","collecte":"MC, OM","description":"Matières compostables, Ordures ménagères","secteur":"Est"},
{"date":"2012-11-02","mm":11,"jj":2,"mois":"novembre","jour":"vendredi","collecte":"MC, OM","description":"Matières compostables, Ordures ménagères","secteur":"Est"},
{"date":"2012-11-05","mm":11,"jj":5,"mois":"novembre","jour":"lundi","collecte":"MC, MR","description":"Matières compostables, Matières recyclables","secteur":"Est"},
{"date":"2012-11-06","mm":11,"jj":6,"mois":"novembre","jour":"mardi","collecte":"MC, MR","description":"Matières compostables, Matières recyclables","secteur":"Est"},
{"date":"2012-11-07","mm":11,"jj":7,"mois":"novembre","jour":"mercredi","collecte":"MC, MR","description":"Matières compostables, Matières recyclables","secteur":"Est"},
{"date":"2012-11-08","mm":11,"jj":8,"mois":"novembre","jour":"jeudi","collecte":"MC, MR","description":"Matières compostables, Matières recyclables","secteur":"Est"},
{"date":"2012-11-09","mm":11,"jj":9,"mois":"novembre","jour":"vendredi","collecte":"MC, MR","description":"Matières compostables, Matières recyclables","secteur":"Est"},
{"date":"2012-11-12","mm":11,"jj":12,"mois":"novembre","jour":"lundi","collecte":"MC, OM","description":"Matières compostables, Ordures ménagères","secteur":"Est"},
{"date":"2012-11-13","mm":11,"jj":13,"mois":"novembre","jour":"mardi","collecte":"MC, OM","description":"Matières compostables, Ordures ménagères","secteur":"Est"},
{"date":"2012-11-14","mm":11,"jj":14,"mois":"novembre","jour":"mercredi","collecte":"MC, OM","description":"Matières compostables, Ordures ménagères","secteur":"Est"},
{"date":"2012-11-15","mm":11,"jj":15,"mois":"novembre","jour":"jeudi","collecte":"MC, OM","description":"Matières compostables, Ordures ménagères","secteur":"Est"},
{"date":"2012-11-16","mm":11,"jj":16,"mois":"novembre","jour":"vendredi","collecte":"MC, OM","description":"Matières compostables, Ordures ménagères","secteur":"Est"},
{"date":"2012-11-19","mm":11,"jj":19,"mois":"novembre","jour":"lundi","collecte":"MC, MR","description":"Matières compostables, Matières recyclables","secteur":"Est"},
{"date":"2012-11-20","mm":11,"jj":20,"mois":"novembre","jour":"mardi","collecte":"MC, MR","description":"Matières compostables, Matières recyclables","secteur":"Est"},
{"date":"2012-11-21","mm":11,"jj":21,"mois":"novembre","jour":"mercredi","collecte":"MC, MR","description":"Matières compostables, Matières recyclables","secteur":"Est"},
{"date":"2012-11-22","mm":11,"jj":22,"mois":"novembre","jour":"jeudi","collecte":"MC, MR","description":"Matières compostables, Matières recyclables","secteur":"Est"},
{"date":"2012-11-23","mm":11,"jj":23,"mois":"novembre","jour":"vendredi","collecte":"MC, MR","description":"Matières compostables, Matières recyclables","secteur":"Est"},
{"date":"2012-11-26","mm":11,"jj":26,"mois":"novembre","jour":"lundi","collecte":"MC, OM","description":"Matières compostables, Ordures ménagères","secteur":"Est"},
{"date":"2012-11-27","mm":11,"jj":27,"mois":"novembre","jour":"mardi","collecte":"MC, OM","description":"Matières compostables, Ordures ménagères","secteur":"Est"},
{"date":"2012-11-28","mm":11,"jj":28,"mois":"novembre","jour":"mercredi","collecte":"MC, OM","description":"Matières compostables, Ordures ménagères","secteur":"Est"},
{"date":"2012-11-29","mm":11,"jj":29,"mois":"novembre","jour":"jeudi","collecte":"MC, OM","description":"Matières compostables, Ordures ménagères","secteur":"Est"},
{"date":"2012-11-30","mm":11,"jj":30,"mois":"novembre","jour":"vendredi","collecte":"MC, OM","description":"Matières compostables, Ordures ménagères","secteur":"Est"},
{"date":"2012-12-03","mm":12,"jj":3,"mois":"décembre","jour":"lundi","collecte":"MC, MR","description":"Matières compostables, Matières recyclables","secteur":"Est"},
{"date":"2012-12-04","mm":12,"jj":4,"mois":"décembre","jour":"mardi","collecte":"MC, MR","description":"Matières compostables, Matières recyclables","secteur":"Est"},
{"date":"2012-12-05","mm":12,"jj":5,"mois":"décembre","jour":"mercredi","collecte":"MC, MR","description":"Matières compostables, Matières recyclables","secteur":"Est"},
{"date":"2012-12-06","mm":12,"jj":6,"mois":"décembre","jour":"jeudi","collecte":"MC, MR","description":"Matières compostables, Matières recyclables","secteur":"Est"},
{"date":"2012-12-07","mm":12,"jj":7,"mois":"décembre","jour":"vendredi","collecte":"MC, MR","description":"Matières compostables, Matières recyclables","secteur":"Est"},
{"date":"2012-12-10","mm":12,"jj":10,"mois":"décembre","jour":"lundi","collecte":"MC, OM","description":"Matières compostables, Ordures ménagères","secteur":"Est"},
{"date":"2012-12-11","mm":12,"jj":11,"mois":"décembre","jour":"mardi","collecte":"MC, OM","description":"Matières compostables, Ordures ménagères","secteur":"Est"},
{"date":"2012-12-12","mm":12,"jj":12,"mois":"décembre","jour":"mercredi","collecte":"MC, OM","description":"Matières compostables, Ordures ménagères","secteur":"Est"},
{"date":"2012-12-13","mm":12,"jj":13,"mois":"décembre","jour":"jeudi","collecte":"MC, OM","description":"Matières compostables, Ordures ménagères","secteur":"Est"},
{"date":"2012-12-14","mm":12,"jj":14,"mois":"décembre","jour":"vendredi","collecte":"MC, OM","description":"Matières compostables, Ordures ménagères","secteur":"Est"},
{"date":"2012-12-17","mm":12,"jj":17,"mois":"décembre","jour":"lundi","collecte":"MC, MR","description":"Matières compostables, Matières recyclables","secteur":"Est"},
{"date":"2012-12-18","mm":12,"jj":18,"mois":"décembre","jour":"mardi","collecte":"MC, MR","description":"Matières compostables, Matières recyclables","secteur":"Est"},
{"date":"2012-12-19","mm":12,"jj":19,"mois":"décembre","jour":"mercredi","collecte":"MC, MR","description":"Matières compostables, Matières recyclables","secteur":"Est"},
{"date":"2012-12-20","mm":12,"jj":20,"mois":"décembre","jour":"jeudi","collecte":"MC, MR","description":"Matières compostables, Matières recyclables","secteur":"Est"},
{"date":"2012-12-21","mm":12,"jj":21,"mois":"décembre","jour":"vendredi","collecte":"MC, MR","description":"Matières compostables, Matières recyclables","secteur":"Est"},
{"date":"2012-12-24","mm":12,"jj":24,"mois":"décembre","jour":"lundi","collecte":"MC, OM","description":"Matières compostables, Ordures ménagères","secteur":"Est"},
{"date":"2012-12-25","mm":12,"jj":25,"mois":"décembre","jour":"mardi","collecte":"CR","description":"Collecte reportée au lendemain","secteur":"Est"},
{"date":"2012-12-26","mm":12,"jj":26,"mois":"décembre","jour":"mercredi","collecte":"CR","description":"Collecte reportée au lendemain","secteur":"Est"},
{"date":"2012-12-27","mm":12,"jj":27,"mois":"décembre","jour":"jeudi","collecte":"CR","description":"Collecte reportée au lendemain","secteur":"Est"},
{"date":"2012-12-28","mm":12,"jj":28,"mois":"décembre","jour":"vendredi","collecte":"CR","description":"Collecte reportée au lendemain","secteur":"Est"},
{"date":"2012-12-31","mm":12,"jj":31,"mois":"décembre","jour":"lundi","collecte":"MC, MR","description":"Matières compostables, Matières recyclables","secteur":"Est"}]